Id,FirstName,LastName,DateOfBirth,Adress,Passport,PhoneNumber,CreatedOn,Age
4186eb8b-a28f-4878-a690-eee9c28588aa,Petr,Petrov,2024-10-18,city1,12hfyjui,12345678,2024-10-18,87
54fbb3d0-e6cf-4011-8676-16017c57fa6d,firstName_1,lastName_1,2024-10-17,1adress,passport_21,70007,2024-10-18,31
5afa3175-8b45-430d-8290-1d5ba6311cf4,firstName_0,lastName_0,2024-10-17,0adress,passport_20,70000,2024-10-18,38
63dc955a-a46b-4b57-b506-d96514494d10,firstName_8,lastName_8,2024-10-17,8adress,passport_28,70056,2024-10-18,61
97aae2a1-f0e0-4c73-bdc8-bf82bbd81590,firstName_3,lastName_3,2024-10-17,3adress,passport_23,70021,2024-10-18,60
9b60141d-017a-485e-9f56-94c18569390a,firstName_2,lastName_2,2024-10-17,2adress,passport_22,70014,2024-10-18,26
9ed91c31-a802-404f-8037-f7e9edfda4a9,firstName_5,lastName_5,2024-10-17,5adress,passport_25,70035,2024-10-18,81
a090c3ea-6439-4646-97be-390b2630a25f,firstName_7,lastName_7,2024-10-17,7adress,passport_27,70049,2024-10-18,83
b744fb82-606a-495c-92a2-521a0344e4ee,firstName_6,lastName_6,2024-10-17,6adress,passport_26,70042,2024-10-18,76
cc12f384-5607-450a-bccb-2a0b7aec29f2,firstName_4,lastName_4,2024-10-17,4adress,passport_24,70028,2024-10-18,39
